{
    "Movies" : [
        {
            "Name": "Fruit",
            "ReducedPrice": "1337.00" ,
            "ActualPrice": "37.00 " ,
            "Image" : "https://media.gq.com/photos/56e71c0b14cbe0637b261d7f/4:3/w_2260,h_1695,c_limit/horseinsuit2.jpg",
            "StockStatus" : 1
        },
        {
            "Name": "The Lion King 4",
            "ReducedPrice": "199.00",
            "ActualPrice": "39.00" ,
            "Image" : "https://i.ytimg.com/vi/qi-Q73RSF_c/maxresdefault.jpg",
            "StockStatus" : 1
        },
        {
            "Name": "Perfect Blue",
            "ReducedPrice": "309.00",
            "ActualPrice": "240.00" ,
            "Image" : "https://image.tmdb.org/t/p/w600_and_h900_bestv2/lPZBtqGE90ghaFhBsdqae7AeEPM.jpg",
            "StockStatus" : 1
        },
        {
            "Name": "Frozen",
            "ReducedPrice": "169.00",
            "ActualPrice": "124.00 ",
            "Image" : "https://image.tmdb.org/t/p/w600_and_h900_bestv2/5WSoj6TZZzAHpuuRUN5v8KBg9Wj.jpg",
            "StockStatus" : 1
        }
    ]
}